field,definition_and_cautions
patient_id,Stable synthetic patient key; never identifies a real person.
encounter_id,Synthetic encounter key; one encounter per synthetic patient in this release.
dataset_type,Mandatory provenance flag distinguishing synthetic records from real data.
age_years,Age in years; used in FIB-4 and clinical context.
sex,Synthetic sex category (F/M); not intended for demographic inference.
bmi_kg_m2,Body mass index in kg/m²; synthetic value.
diabetes_flag,"Synthetic binary comorbidity flag: 1=yes, 0=no."
metabolic_risk_flag,Synthetic binary metabolic-risk flag.
viral_hepatitis_flag,Synthetic binary viral-hepatitis flag.
alcohol_risk_flag,Synthetic binary alcohol-risk flag.
ast_u_l,"AST activity, U/L."
alt_u_l,"ALT activity, U/L."
alp_u_l,"ALP activity, U/L."
ggt_u_l,"GGT activity, U/L; includes intentional missing values."
total_bilirubin_mg_dl,"Total bilirubin, mg/dL."
direct_bilirubin_mg_dl,"Direct bilirubin, mg/dL; includes intentional missing values."
albumin_g_dl,"Albumin, g/dL; includes intentional missing values."
total_protein_g_dl,"Total protein, g/dL."
platelets_10e9_l,Platelet count in 10^9/L; 250 is equivalent to 250 x 10^9/L.
inr,International normalized ratio; includes intentional missing values.
ast_uln_u_l / alt_uln_u_l / alp_uln_u_l,Assumed upper limits of normal for this synthetic exercise only; adapt to local assay/reference intervals.
r_ratio_alt_alp,(ALT / ALT ULN) divided by (ALP / ALP ULN); calculated from synthetic values.
lft_pattern_synthetic_label,Rule/scenario-derived synthetic pattern label for pipeline testing; not expert-adjudicated.
fib4_score_calculated,Calculated using age × AST / (platelets × sqrt(ALT)); units and formula assumptions must be checked.
fib4_category_reference,"Illustrative category using <1.3, 1.3–2.67, >2.67; context-specific and not a diagnosis."
apri_score_calculated,"Calculated using ((AST / AST ULN) × 100) / platelets, with platelets in 10^9/L."
apri_category_reference,"Illustrative category using <0.5, 0.5–1.5, >1.5; thresholds vary by indication and guideline."
synthetic_advanced_fibrosis_label,Artificial outcome label generated from a simulated latent process; NOT a real reference-standard outcome.
synthetic_metavir_stage,Artificial F0–F4-like label for pipeline tests only; NOT a biopsy result.
synthetic_scenario_source,Generator scenario used to create a record; exclude from model features to avoid label leakage.
data_split_group,Patient grouping key for split hygiene.
suggested_split,Suggested train/validation/test split. Do not use test data for model tuning.
